category,label,newroi,oldroi
1,Vis,1,1
1,Vis,2,2
1,Vis,3,3
1,Vis,4,4
1,Vis,5,5
1,Vis,6,6
1,Vis,7,7
1,Vis,8,8
1,Vis,9,9
1,Vis,10,10
1,Vis,11,11
1,Vis,12,12
1,Vis,13,13
1,Vis,14,14
1,Vis,15,15
1,Vis,16,16
1,Vis,17,17
1,Vis,18,18
1,Vis,19,19
1,Vis,20,20
1,Vis,21,21
1,Vis,22,22
1,Vis,23,23
1,Vis,24,24
1,Vis,25,25
1,Vis,26,26
1,Vis,27,27
1,Vis,28,28
1,Vis,29,29
1,Vis,30,30
1,Vis,31,31
1,Vis,32,32
1,Vis,33,33
1,Vis,34,34
1,Vis,35,35
1,Vis,36,36
1,Vis,37,37
1,Vis,38,38
1,Vis,39,39
1,Vis,40,40
1,Vis,41,41
1,Vis,42,42
1,Vis,43,43
1,Vis,44,44
1,Vis,45,45
1,Vis,46,46
1,Vis,47,47
1,Vis,48,48
1,Vis,49,49
1,Vis,50,50
1,Vis,51,51
1,Vis,52,52
1,Vis,53,53
1,Vis,54,54
1,Vis,55,55
1,Vis,56,56
1,Vis,57,57
1,Vis,58,58
1,Vis,59,59
1,Vis,60,60
1,Vis,61,61
1,Vis,62,62
1,Vis,63,63
1,Vis,64,64
1,Vis,65,65
1,Vis,66,66
1,Vis,67,67
1,Vis,68,68
1,Vis,69,69
1,Vis,70,70
1,Vis,71,71
1,Vis,72,72
1,Vis,73,73
1,Vis,74,74
1,Vis,75,75
1,Vis,76,76
1,Vis,77,77
1,Vis,78,78
1,Vis,79,79
1,Vis,80,80
1,Vis,81,81
1,Vis,82,501
1,Vis,83,502
1,Vis,84,503
1,Vis,85,504
1,Vis,86,505
1,Vis,87,506
1,Vis,88,507
1,Vis,89,508
1,Vis,90,509
1,Vis,91,510
1,Vis,92,511
1,Vis,93,512
1,Vis,94,513
1,Vis,95,514
1,Vis,96,515
1,Vis,97,516
1,Vis,98,517
1,Vis,99,518
1,Vis,100,519
1,Vis,101,520
1,Vis,102,521
1,Vis,103,522
1,Vis,104,523
1,Vis,105,524
1,Vis,106,525
1,Vis,107,526
1,Vis,108,527
1,Vis,109,528
1,Vis,110,529
1,Vis,111,530
1,Vis,112,531
1,Vis,113,532
1,Vis,114,533
1,Vis,115,534
1,Vis,116,535
1,Vis,117,536
1,Vis,118,537
1,Vis,119,538
1,Vis,120,539
1,Vis,121,540
1,Vis,122,541
1,Vis,123,542
1,Vis,124,543
1,Vis,125,544
1,Vis,126,545
1,Vis,127,546
1,Vis,128,547
1,Vis,129,548
1,Vis,130,549
1,Vis,131,550
1,Vis,132,551
1,Vis,133,552
1,Vis,134,553
1,Vis,135,554
1,Vis,136,555
1,Vis,137,556
1,Vis,138,557
1,Vis,139,558
1,Vis,140,559
1,Vis,141,560
1,Vis,142,561
1,Vis,143,562
1,Vis,144,563
1,Vis,145,564
1,Vis,146,565
1,Vis,147,566
1,Vis,148,567
1,Vis,149,568
1,Vis,150,569
1,Vis,151,570
1,Vis,152,571
1,Vis,153,572
1,Vis,154,573
1,Vis,155,574
1,Vis,156,575
1,Vis,157,576
1,Vis,158,577
1,Vis,159,578
1,Vis,160,579
1,Vis,161,580
1,Vis,162,581
2,SMN,163,82
2,SMN,164,83
2,SMN,165,84
2,SMN,166,85
2,SMN,167,86
2,SMN,168,87
2,SMN,169,88
2,SMN,170,89
2,SMN,171,90
2,SMN,172,91
2,SMN,173,92
2,SMN,174,93
2,SMN,175,94
2,SMN,176,95
2,SMN,177,96
2,SMN,178,97
2,SMN,179,98
2,SMN,180,99
2,SMN,181,100
2,SMN,182,101
2,SMN,183,102
2,SMN,184,103
2,SMN,185,104
2,SMN,186,105
2,SMN,187,106
2,SMN,188,107
2,SMN,189,108
2,SMN,190,109
2,SMN,191,110
2,SMN,192,111
2,SMN,193,112
2,SMN,194,113
2,SMN,195,114
2,SMN,196,115
2,SMN,197,116
2,SMN,198,117
2,SMN,199,118
2,SMN,200,119
2,SMN,201,120
2,SMN,202,121
2,SMN,203,122
2,SMN,204,123
2,SMN,205,124
2,SMN,206,125
2,SMN,207,126
2,SMN,208,127
2,SMN,209,128
2,SMN,210,129
2,SMN,211,130
2,SMN,212,131
2,SMN,213,132
2,SMN,214,133
2,SMN,215,134
2,SMN,216,135
2,SMN,217,136
2,SMN,218,137
2,SMN,219,138
2,SMN,220,139
2,SMN,221,140
2,SMN,222,141
2,SMN,223,142
2,SMN,224,143
2,SMN,225,144
2,SMN,226,145
2,SMN,227,146
2,SMN,228,147
2,SMN,229,148
2,SMN,230,149
2,SMN,231,150
2,SMN,232,151
2,SMN,233,152
2,SMN,234,153
2,SMN,235,154
2,SMN,236,155
2,SMN,237,156
2,SMN,238,157
2,SMN,239,158
2,SMN,240,159
2,SMN,241,160
2,SMN,242,161
2,SMN,243,162
2,SMN,244,163
2,SMN,245,164
2,SMN,246,165
2,SMN,247,166
2,SMN,248,167
2,SMN,249,168
2,SMN,250,169
2,SMN,251,170
2,SMN,252,171
2,SMN,253,172
2,SMN,254,582
2,SMN,255,583
2,SMN,256,584
2,SMN,257,585
2,SMN,258,586
2,SMN,259,587
2,SMN,260,588
2,SMN,261,589
2,SMN,262,590
2,SMN,263,591
2,SMN,264,592
2,SMN,265,593
2,SMN,266,594
2,SMN,267,595
2,SMN,268,596
2,SMN,269,597
2,SMN,270,598
2,SMN,271,599
2,SMN,272,600
2,SMN,273,601
2,SMN,274,602
2,SMN,275,603
2,SMN,276,604
2,SMN,277,605
2,SMN,278,606
2,SMN,279,607
2,SMN,280,608
2,SMN,281,609
2,SMN,282,610
2,SMN,283,611
2,SMN,284,612
2,SMN,285,613
2,SMN,286,614
2,SMN,287,615
2,SMN,288,616
2,SMN,289,617
2,SMN,290,618
2,SMN,291,619
2,SMN,292,620
2,SMN,293,621
2,SMN,294,622
2,SMN,295,623
2,SMN,296,624
2,SMN,297,625
2,SMN,298,626
2,SMN,299,627
2,SMN,300,628
2,SMN,301,629
2,SMN,302,630
2,SMN,303,631
2,SMN,304,632
2,SMN,305,633
2,SMN,306,634
2,SMN,307,635
2,SMN,308,636
2,SMN,309,637
2,SMN,310,638
2,SMN,311,639
2,SMN,312,640
2,SMN,313,641
2,SMN,314,642
2,SMN,315,643
2,SMN,316,644
2,SMN,317,645
2,SMN,318,646
2,SMN,319,647
2,SMN,320,648
2,SMN,321,649
2,SMN,322,650
2,SMN,323,651
2,SMN,324,652
2,SMN,325,653
2,SMN,326,654
2,SMN,327,655
2,SMN,328,656
2,SMN,329,657
2,SMN,330,658
2,SMN,331,659
2,SMN,332,660
2,SMN,333,661
2,SMN,334,662
2,SMN,335,663
2,SMN,336,664
2,SMN,337,665
2,SMN,338,666
2,SMN,339,667
2,SMN,340,668
2,SMN,341,669
2,SMN,342,670
2,SMN,343,671
2,SMN,344,672
2,SMN,345,673
2,SMN,346,674
2,SMN,347,675
2,SMN,348,676
2,SMN,349,677
2,SMN,350,678
2,SMN,351,679
2,SMN,352,680
2,SMN,353,681
2,SMN,354,682
2,SMN,355,683
2,SMN,356,684
3,DAN,357,173
3,DAN,358,174
3,DAN,359,175
3,DAN,360,176
3,DAN,361,177
3,DAN,362,178
3,DAN,363,179
3,DAN,364,180
3,DAN,365,181
3,DAN,366,182
3,DAN,367,183
3,DAN,368,184
3,DAN,369,185
3,DAN,370,186
3,DAN,371,187
3,DAN,372,188
3,DAN,373,189
3,DAN,374,190
3,DAN,375,191
3,DAN,376,192
3,DAN,377,193
3,DAN,378,194
3,DAN,379,195
3,DAN,380,196
3,DAN,381,197
3,DAN,382,198
3,DAN,383,199
3,DAN,384,200
3,DAN,385,201
3,DAN,386,202
3,DAN,387,203
3,DAN,388,204
3,DAN,389,205
3,DAN,390,206
3,DAN,391,207
3,DAN,392,208
3,DAN,393,209
3,DAN,394,210
3,DAN,395,211
3,DAN,396,212
3,DAN,397,213
3,DAN,398,214
3,DAN,399,215
3,DAN,400,216
3,DAN,401,217
3,DAN,402,218
3,DAN,403,219
3,DAN,404,220
3,DAN,405,221
3,DAN,406,222
3,DAN,407,223
3,DAN,408,224
3,DAN,409,225
3,DAN,410,226
3,DAN,411,227
3,DAN,412,228
3,DAN,413,229
3,DAN,414,230
3,DAN,415,231
3,DAN,416,232
3,DAN,417,233
3,DAN,418,685
3,DAN,419,686
3,DAN,420,687
3,DAN,421,688
3,DAN,422,689
3,DAN,423,690
3,DAN,424,691
3,DAN,425,692
3,DAN,426,693
3,DAN,427,694
3,DAN,428,695
3,DAN,429,696
3,DAN,430,697
3,DAN,431,698
3,DAN,432,699
3,DAN,433,700
3,DAN,434,701
3,DAN,435,702
3,DAN,436,703
3,DAN,437,704
3,DAN,438,705
3,DAN,439,706
3,DAN,440,707
3,DAN,441,708
3,DAN,442,709
3,DAN,443,710
3,DAN,444,711
3,DAN,445,712
3,DAN,446,713
3,DAN,447,714
3,DAN,448,715
3,DAN,449,716
3,DAN,450,717
3,DAN,451,718
3,DAN,452,719
3,DAN,453,720
3,DAN,454,721
3,DAN,455,722
3,DAN,456,723
3,DAN,457,724
3,DAN,458,725
3,DAN,459,726
3,DAN,460,727
3,DAN,461,728
3,DAN,462,729
3,DAN,463,730
3,DAN,464,731
3,DAN,465,732
3,DAN,466,733
3,DAN,467,734
3,DAN,468,735
3,DAN,469,736
3,DAN,470,737
3,DAN,471,738
3,DAN,472,739
3,DAN,473,740
3,DAN,474,741
3,DAN,475,742
3,DAN,476,743
3,DAN,477,744
3,DAN,478,745
4,VAN,479,234
4,VAN,480,235
4,VAN,481,236
4,VAN,482,237
4,VAN,483,238
4,VAN,484,239
4,VAN,485,240
4,VAN,486,241
4,VAN,487,242
4,VAN,488,243
4,VAN,489,244
4,VAN,490,245
4,VAN,491,246
4,VAN,492,247
4,VAN,493,248
4,VAN,494,249
4,VAN,495,250
4,VAN,496,251
4,VAN,497,252
4,VAN,498,253
4,VAN,499,254
4,VAN,500,255
4,VAN,501,256
4,VAN,502,257
4,VAN,503,258
4,VAN,504,259
4,VAN,505,260
4,VAN,506,261
4,VAN,507,262
4,VAN,508,263
4,VAN,509,264
4,VAN,510,265
4,VAN,511,266
4,VAN,512,267
4,VAN,513,268
4,VAN,514,269
4,VAN,515,270
4,VAN,516,271
4,VAN,517,272
4,VAN,518,273
4,VAN,519,274
4,VAN,520,275
4,VAN,521,276
4,VAN,522,277
4,VAN,523,278
4,VAN,524,279
4,VAN,525,280
4,VAN,526,281
4,VAN,527,282
4,VAN,528,283
4,VAN,529,284
4,VAN,530,285
4,VAN,531,286
4,VAN,532,287
4,VAN,533,288
4,VAN,534,746
4,VAN,535,747
4,VAN,536,748
4,VAN,537,749
4,VAN,538,750
4,VAN,539,751
4,VAN,540,752
4,VAN,541,753
4,VAN,542,754
4,VAN,543,755
4,VAN,544,756
4,VAN,545,757
4,VAN,546,758
4,VAN,547,759
4,VAN,548,760
4,VAN,549,761
4,VAN,550,762
4,VAN,551,763
4,VAN,552,764
4,VAN,553,765
4,VAN,554,766
4,VAN,555,767
4,VAN,556,768
4,VAN,557,769
4,VAN,558,770
4,VAN,559,771
4,VAN,560,772
4,VAN,561,773
4,VAN,562,774
4,VAN,563,775
4,VAN,564,776
4,VAN,565,777
4,VAN,566,778
4,VAN,567,779
4,VAN,568,780
4,VAN,569,781
4,VAN,570,782
4,VAN,571,783
4,VAN,572,784
4,VAN,573,785
4,VAN,574,786
4,VAN,575,787
4,VAN,576,788
4,VAN,577,789
4,VAN,578,790
4,VAN,579,791
4,VAN,580,792
4,VAN,581,793
4,VAN,582,794
4,VAN,583,795
4,VAN,584,796
4,VAN,585,797
4,VAN,586,798
4,VAN,587,799
4,VAN,588,800
4,VAN,589,801
4,VAN,590,802
4,VAN,591,803
4,VAN,592,804
4,VAN,593,805
4,VAN,594,806
4,VAN,595,807
4,VAN,596,808
4,VAN,597,809
4,VAN,598,810
4,VAN,599,811
5,Limbic,600,289
5,Limbic,601,290
5,Limbic,602,291
5,Limbic,603,292
5,Limbic,604,293
5,Limbic,605,294
5,Limbic,606,295
5,Limbic,607,296
5,Limbic,608,297
5,Limbic,609,298
5,Limbic,610,299
5,Limbic,611,300
5,Limbic,612,301
5,Limbic,613,302
5,Limbic,614,303
5,Limbic,615,304
5,Limbic,616,305
5,Limbic,617,306
5,Limbic,618,307
5,Limbic,619,308
5,Limbic,620,309
5,Limbic,621,310
5,Limbic,622,311
5,Limbic,623,312
5,Limbic,624,313
5,Limbic,625,314
5,Limbic,626,315
5,Limbic,627,316
5,Limbic,628,317
5,Limbic,629,812
5,Limbic,630,813
5,Limbic,631,814
5,Limbic,632,815
5,Limbic,633,816
5,Limbic,634,817
5,Limbic,635,818
5,Limbic,636,819
5,Limbic,637,820
5,Limbic,638,821
5,Limbic,639,822
5,Limbic,640,823
5,Limbic,641,824
5,Limbic,642,825
5,Limbic,643,826
5,Limbic,644,827
5,Limbic,645,828
5,Limbic,646,829
5,Limbic,647,830
5,Limbic,648,831
5,Limbic,649,832
5,Limbic,650,833
5,Limbic,651,834
5,Limbic,652,835
5,Limbic,653,836
5,Limbic,654,837
5,Limbic,655,838
5,Limbic,656,839
5,Limbic,657,840
5,Limbic,658,841
5,Limbic,659,842
6,FP,660,318
6,FP,661,319
6,FP,662,320
6,FP,663,321
6,FP,664,322
6,FP,665,323
6,FP,666,324
6,FP,667,325
6,FP,668,326
6,FP,669,327
6,FP,670,328
6,FP,671,329
6,FP,672,330
6,FP,673,331
6,FP,674,332
6,FP,675,333
6,FP,676,334
6,FP,677,335
6,FP,678,336
6,FP,679,337
6,FP,680,338
6,FP,681,339
6,FP,682,340
6,FP,683,341
6,FP,684,342
6,FP,685,343
6,FP,686,344
6,FP,687,345
6,FP,688,346
6,FP,689,347
6,FP,690,348
6,FP,691,349
6,FP,692,350
6,FP,693,351
6,FP,694,352
6,FP,695,353
6,FP,696,354
6,FP,697,355
6,FP,698,356
6,FP,699,357
6,FP,700,358
6,FP,701,359
6,FP,702,360
6,FP,703,361
6,FP,704,362
6,FP,705,363
6,FP,706,364
6,FP,707,365
6,FP,708,366
6,FP,709,367
6,FP,710,368
6,FP,711,369
6,FP,712,370
6,FP,713,371
6,FP,714,372
6,FP,715,373
6,FP,716,374
6,FP,717,843
6,FP,718,844
6,FP,719,845
6,FP,720,846
6,FP,721,847
6,FP,722,848
6,FP,723,849
6,FP,724,850
6,FP,725,851
6,FP,726,852
6,FP,727,853
6,FP,728,854
6,FP,729,855
6,FP,730,856
6,FP,731,857
6,FP,732,858
6,FP,733,859
6,FP,734,860
6,FP,735,861
6,FP,736,862
6,FP,737,863
6,FP,738,864
6,FP,739,865
6,FP,740,866
6,FP,741,867
6,FP,742,868
6,FP,743,869
6,FP,744,870
6,FP,745,871
6,FP,746,872
6,FP,747,873
6,FP,748,874
6,FP,749,875
6,FP,750,876
6,FP,751,877
6,FP,752,878
6,FP,753,879
6,FP,754,880
6,FP,755,881
6,FP,756,882
6,FP,757,883
6,FP,758,884
6,FP,759,885
6,FP,760,886
6,FP,761,887
6,FP,762,888
6,FP,763,889
6,FP,764,890
6,FP,765,891
6,FP,766,892
6,FP,767,893
6,FP,768,894
6,FP,769,895
6,FP,770,896
6,FP,771,897
6,FP,772,898
6,FP,773,899
6,FP,774,900
6,FP,775,901
6,FP,776,902
6,FP,777,903
6,FP,778,904
6,FP,779,905
6,FP,780,906
6,FP,781,907
6,FP,782,908
6,FP,783,909
6,FP,784,910
6,FP,785,911
6,FP,786,912
6,FP,787,999
6,FP,788,1000
7,DMN,789,375
7,DMN,790,376
7,DMN,791,377
7,DMN,792,378
7,DMN,793,379
7,DMN,794,380
7,DMN,795,381
7,DMN,796,382
7,DMN,797,383
7,DMN,798,384
7,DMN,799,385
7,DMN,800,386
7,DMN,801,387
7,DMN,802,388
7,DMN,803,389
7,DMN,804,390
7,DMN,805,391
7,DMN,806,392
7,DMN,807,393
7,DMN,808,394
7,DMN,809,395
7,DMN,810,396
7,DMN,811,397
7,DMN,812,398
7,DMN,813,399
7,DMN,814,400
7,DMN,815,401
7,DMN,816,402
7,DMN,817,403
7,DMN,818,404
7,DMN,819,405
7,DMN,820,406
7,DMN,821,407
7,DMN,822,408
7,DMN,823,409
7,DMN,824,410
7,DMN,825,411
7,DMN,826,412
7,DMN,827,413
7,DMN,828,414
7,DMN,829,415
7,DMN,830,416
7,DMN,831,417
7,DMN,832,418
7,DMN,833,419
7,DMN,834,420
7,DMN,835,421
7,DMN,836,422
7,DMN,837,423
7,DMN,838,424
7,DMN,839,425
7,DMN,840,426
7,DMN,841,427
7,DMN,842,428
7,DMN,843,429
7,DMN,844,430
7,DMN,845,431
7,DMN,846,432
7,DMN,847,433
7,DMN,848,434
7,DMN,849,435
7,DMN,850,436
7,DMN,851,437
7,DMN,852,438
7,DMN,853,439
7,DMN,854,440
7,DMN,855,441
7,DMN,856,442
7,DMN,857,443
7,DMN,858,444
7,DMN,859,445
7,DMN,860,446
7,DMN,861,447
7,DMN,862,448
7,DMN,863,449
7,DMN,864,450
7,DMN,865,451
7,DMN,866,452
7,DMN,867,453
7,DMN,868,454
7,DMN,869,455
7,DMN,870,456
7,DMN,871,457
7,DMN,872,458
7,DMN,873,459
7,DMN,874,460
7,DMN,875,461
7,DMN,876,462
7,DMN,877,463
7,DMN,878,464
7,DMN,879,465
7,DMN,880,466
7,DMN,881,467
7,DMN,882,468
7,DMN,883,469
7,DMN,884,470
7,DMN,885,471
7,DMN,886,472
7,DMN,887,473
7,DMN,888,474
7,DMN,889,475
7,DMN,890,476
7,DMN,891,477
7,DMN,892,478
7,DMN,893,479
7,DMN,894,480
7,DMN,895,481
7,DMN,896,482
7,DMN,897,483
7,DMN,898,484
7,DMN,899,485
7,DMN,900,486
7,DMN,901,487
7,DMN,902,488
7,DMN,903,489
7,DMN,904,490
7,DMN,905,491
7,DMN,906,492
7,DMN,907,493
7,DMN,908,494
7,DMN,909,495
7,DMN,910,496
7,DMN,911,497
7,DMN,912,498
7,DMN,913,499
7,DMN,914,500
7,DMN,915,913
7,DMN,916,914
7,DMN,917,915
7,DMN,918,916
7,DMN,919,917
7,DMN,920,918
7,DMN,921,919
7,DMN,922,920
7,DMN,923,921
7,DMN,924,922
7,DMN,925,923
7,DMN,926,924
7,DMN,927,925
7,DMN,928,926
7,DMN,929,927
7,DMN,930,928
7,DMN,931,929
7,DMN,932,930
7,DMN,933,931
7,DMN,934,932
7,DMN,935,933
7,DMN,936,934
7,DMN,937,935
7,DMN,938,936
7,DMN,939,937
7,DMN,940,938
7,DMN,941,939
7,DMN,942,940
7,DMN,943,941
7,DMN,944,942
7,DMN,945,943
7,DMN,946,944
7,DMN,947,945
7,DMN,948,946
7,DMN,949,947
7,DMN,950,948
7,DMN,951,949
7,DMN,952,950
7,DMN,953,951
7,DMN,954,952
7,DMN,955,953
7,DMN,956,954
7,DMN,957,955
7,DMN,958,956
7,DMN,959,957
7,DMN,960,958
7,DMN,961,959
7,DMN,962,960
7,DMN,963,961
7,DMN,964,962
7,DMN,965,963
7,DMN,966,964
7,DMN,967,965
7,DMN,968,966
7,DMN,969,967
7,DMN,970,968
7,DMN,971,969
7,DMN,972,970
7,DMN,973,971
7,DMN,974,972
7,DMN,975,973
7,DMN,976,974
7,DMN,977,975
7,DMN,978,976
7,DMN,979,977
7,DMN,980,978
7,DMN,981,979
7,DMN,982,980
7,DMN,983,981
7,DMN,984,982
7,DMN,985,983
7,DMN,986,984
7,DMN,987,985
7,DMN,988,986
7,DMN,989,987
7,DMN,990,988
7,DMN,991,989
7,DMN,992,990
7,DMN,993,991
7,DMN,994,992
7,DMN,995,993
7,DMN,996,994
7,DMN,997,995
7,DMN,998,996
7,DMN,999,997
7,DMN,1000,998
